date,code,open,high,low,close,preclose,volume,amount,adjustflag,turn,tradestatus,pctChg,peTTM,pbMRQ,psTTM,pcfNcfTTM,isST,code_name,industry,industryClassification
2023-12-27,sh.603004,36.0000,39.6800,30.0000,30.0800,16.8000,41605057,1435732060.7600,3,72.106300,1,79.047600,40.010167,7.261719,9.557433,98.283834,0,鼎龙科技,,申万一级行业
2023-12-28,sh.603004,29.0000,32.1800,27.5500,30.9000,30.0800,34571735,1015781814.4100,3,59.916800,1,2.726100,41.100870,7.459678,9.817975,100.963114,0,鼎龙科技,,申万一级行业
2023-12-29,sh.603004,30.3700,42.9000,30.3000,36.0000,30.9000,38019089,1295938389.5200,3,65.891400,1,16.504900,47.884508,8.690887,11.438418,117.626929,0,鼎龙科技,,申万一级行业
2024-01-02,sh.603004,36.6700,38.7800,35.8000,37.0700,36.0000,27963066,1042408268.9900,3,48.463200,1,2.972200,49.307742,8.949200,11.778393,121.123063,0,鼎龙科技,,申万一级行业
2024-01-03,sh.603004,36.2800,38.8500,35.0100,38.2900,37.0700,22799881,851679440.9100,3,39.514800,1,3.291100,50.930495,9.243724,12.166028,125.109308,0,鼎龙科技,,申万一级行业
2024-01-04,sh.603004,38.7000,42.1200,38.7000,42.1200,38.2900,13239161,550958509.3700,3,22.945000,1,10.002600,56.024875,10.168338,13.382949,137.623507,0,鼎龙科技,,申万一级行业
2024-01-05,sh.603004,44.7200,45.6000,37.9100,37.9100,42.1200,33813826,1352484482.0600,3,58.603200,1,-9.995300,50.425048,9.151987,12.045289,123.867691,0,鼎龙科技,,申万一级行业
2024-01-08,sh.603004,36.6000,36.6200,34.1200,34.1200,37.9100,16272212,561980167.7800,3,28.201600,1,-9.997400,45.383873,8.237030,10.841078,111.484189,0,鼎龙科技,,申万一级行业
2024-01-09,sh.603004,31.7700,32.8700,30.7100,30.9100,34.1200,28533529,891993387.4900,3,49.451900,1,-9.408000,41.114171,7.462092,9.821152,100.995788,0,鼎龙科技,,申万一级行业
2024-01-10,sh.603004,30.2100,32.5000,29.1800,31.0000,30.9100,24949141,773771449.8800,3,43.239700,1,0.291200,41.233882,7.483819,9.849748,101.289855,0,鼎龙科技,,申万一级行业
2024-01-11,sh.603004,30.1400,31.7500,30.1100,31.0500,31.0000,19850084,615008330.6400,3,34.402500,1,0.161300,41.300388,7.495890,9.865635,101.453226,0,鼎龙科技,,申万一级行业
2024-01-12,sh.603004,30.4500,32.2300,30.1500,30.3500,31.0500,21665002,671577197.4000,3,37.547900,1,-2.254400,40.369301,7.326901,9.643221,99.166036,0,鼎龙科技,,申万一级行业
2024-01-15,sh.603004,30.0100,30.0700,28.2700,28.2900,30.3500,18502874,535253545.3800,3,32.067600,1,-6.787500,37.629243,6.829589,8.988690,92.435162,0,鼎龙科技,,申万一级行业
2024-01-16,sh.603004,28.5500,29.2500,28.2700,28.5900,28.2900,14130258,406103476.1700,3,24.489300,1,1.060400,38.028280,6.902013,9.084010,93.415386,0,鼎龙科技,,申万一级行业
2024-01-17,sh.603004,28.0400,28.9000,27.1700,27.3800,28.5900,15495431,431706570.8000,3,26.855300,1,-4.232200,36.418829,6.609902,8.699552,89.461814,0,鼎龙科技,,申万一级行业
2024-01-18,sh.603004,26.9000,27.6000,26.2100,27.0900,27.3800,14212393,382558540.6300,3,24.631700,1,-1.059200,36.033093,6.539893,8.607409,88.514264,0,鼎龙科技,,申万一级行业
2024-01-19,sh.603004,27.1200,27.1300,25.5200,25.6600,27.0900,14296211,374951432.8000,3,24.777000,1,-5.278700,34.131013,6.194671,8.153050,83.841861,0,鼎龙科技,,申万一级行业
2024-01-22,sh.603004,25.4000,26.6400,24.5000,24.6300,25.6600,12644620,325928910.3200,3,21.914600,1,-4.014000,32.760984,5.946015,7.825784,80.476424,0,鼎龙科技,,申万一级行业
2024-01-23,sh.603004,24.5900,25.2500,24.1500,24.8200,24.6300,8531787,211870801.5900,3,14.786600,1,0.771400,33.013708,5.991884,7.886153,81.097233,0,鼎龙科技,,申万一级行业
2024-01-24,sh.603004,24.6600,25.5100,24.0400,25.0000,24.8200,10463166,259042369.4300,3,18.133900,1,0.725200,33.253131,6.035338,7.943346,81.685367,0,鼎龙科技,,申万一级行业
2024-01-25,sh.603004,24.7900,25.6300,24.6000,25.4500,25.0000,10941184,275774916.7500,3,18.962300,1,1.800000,33.851687,6.143974,8.086326,83.155704,0,鼎龙科技,,申万一级行业
2024-01-26,sh.603004,25.5500,25.8900,24.6700,24.6800,25.4500,10041966,253197847.9700,3,17.403900,1,-3.025500,32.827491,5.958086,7.841671,80.639795,0,鼎龙科技,,申万一级行业
2024-01-29,sh.603004,25.8400,27.0700,25.1100,25.2500,24.6800,13836760,358045309.9900,3,23.980700,1,2.309600,33.585662,6.095692,8.022779,82.502221,0,鼎龙科技,,申万一级行业
2024-01-30,sh.603004,24.1800,24.3000,22.7300,22.7300,25.2500,11191622,259678853.3200,3,19.396400,1,-9.980200,30.233747,5.487330,7.222090,74.268336,0,鼎龙科技,,申万一级行业
2024-01-31,sh.603004,22.0100,22.4800,20.8600,20.8600,22.7300,9940987,214945172.1900,3,17.228900,1,-8.227000,27.746412,5.035886,6.627928,68.158270,0,鼎龙科技,,申万一级行业
2024-02-01,sh.603004,21.0000,21.3700,20.7600,20.9500,20.8600,6664302,140023436.1300,3,11.550000,1,0.431400,27.866124,5.057613,6.656524,68.452338,0,鼎龙科技,,申万一级行业
2024-02-02,sh.603004,21.0000,21.1800,19.0100,19.7300,20.9500,9334666,187886039.3900,3,16.178000,1,-5.823400,26.243371,4.763089,6.268888,64.466092,0,鼎龙科技,,申万一级行业
2024-02-05,sh.603004,19.4100,19.6300,17.7600,17.7600,19.7300,9217024,170288007.5400,3,15.974200,1,-9.984800,23.623024,4.287504,5.642953,58.029285,0,鼎龙科技,,申万一级行业
2024-02-06,sh.603004,18.0000,19.5400,18.0000,19.5400,17.7600,5213123,99749423.4200,3,9.034900,1,10.022500,25.990647,4.717220,6.208519,63.845283,0,鼎龙科技,,申万一级行业
2024-02-07,sh.603004,21.4900,21.4900,17.9700,18.1300,19.5400,15446438,304688814.1500,3,26.770400,1,-7.216000,24.115170,4.376827,5.760514,59.238228,0,鼎龙科技,,申万一级行业
2024-02-08,sh.603004,17.9900,19.7600,17.0500,19.4600,18.1300,15754065,289000441.2500,3,27.303600,1,7.335900,25.884237,4.697907,6.183100,63.583890,0,鼎龙科技,,申万一级行业
2024-02-19,sh.603004,19.3000,20.4600,19.2300,20.2700,19.4600,12016912,240478203.4100,3,20.826700,1,4.162400,26.961638,4.893452,6.440465,66.230496,0,鼎龙科技,,申万一级行业
2024-02-20,sh.603004,20.2900,21.2700,19.8100,20.9300,20.2700,9917492,205767426.0100,3,17.188100,1,3.256000,27.839521,5.052785,6.650169,68.386989,0,鼎龙科技,,申万一级行业
2024-02-21,sh.603004,20.5900,21.6600,20.2700,20.9700,20.9300,12225713,258240963.2700,3,21.188600,1,0.191100,27.892726,5.062442,6.662878,68.517686,0,鼎龙科技,,申万一级行业
2024-02-22,sh.603004,20.7200,21.4100,20.6200,21.2900,20.9700,7867862,166051396.0800,3,13.635900,1,1.526000,28.318366,5.139694,6.764553,69.563259,0,鼎龙科技,,申万一级行业
2024-02-23,sh.603004,21.3600,21.9000,21.0500,21.8200,21.2900,8471485,182497995.2800,3,14.682000,1,2.489400,29.023333,5.267643,6.932952,71.294989,0,鼎龙科技,,申万一级行业
2024-02-26,sh.603004,21.8300,22.7300,21.5000,22.4100,21.8200,9987742,221908335.0000,3,17.309900,1,2.703900,29.808106,5.410077,7.120415,73.222763,0,鼎龙科技,,申万一级行业
2024-02-27,sh.603004,22.3200,23.0000,22.0800,22.8300,22.4100,7778293,175921156.6500,3,13.480700,1,1.874200,30.366759,5.511471,7.253863,74.595077,0,鼎龙科技,,申万一级行业
2024-02-28,sh.603004,22.7600,23.3600,20.8800,20.9900,22.8300,11085349,246777817.5200,3,19.212200,1,-8.059600,27.919329,5.067270,6.669233,68.583034,0,鼎龙科技,,申万一级行业
2024-02-29,sh.603004,20.7700,22.1600,20.5500,22.1000,20.9900,7551058,163169023.3000,3,13.086800,1,5.288200,29.395768,5.335239,7.021917,72.209865,0,鼎龙科技,,申万一级行业
2024-03-01,sh.603004,22.0900,22.2700,21.7500,21.9500,22.1000,4380399,96367174.7000,3,7.591700,1,-0.678700,29.196249,5.299027,6.974257,71.719752,0,鼎龙科技,,申万一级行业
2024-03-04,sh.603004,21.9400,22.5700,21.0000,22.3300,21.9500,9683470,211050069.4400,3,16.782600,1,1.731200,29.701696,5.390764,7.094996,72.961370,0,鼎龙科技,,申万一级行业
2024-03-05,sh.603004,22.2000,22.2500,21.4500,21.5500,22.3300,6031685,130859068.8700,3,10.453600,1,-3.493100,28.664199,5.202462,6.847164,70.412787,0,鼎龙科技,,申万一级行业
2024-03-06,sh.603004,21.3200,22.1500,21.2400,21.5600,21.5500,7381042,160069942.2300,3,12.792200,1,0.046400,28.677500,5.204876,6.850341,70.445461,0,鼎龙科技,,申万一级行业
2024-03-07,sh.603004,21.8300,22.1100,21.1900,21.5800,21.5600,7479428,162815553.4500,3,12.962700,1,0.092800,28.704103,5.209704,6.856696,70.510809,0,鼎龙科技,,申万一级行业
2024-03-08,sh.603004,21.7100,21.8900,21.2000,21.4800,21.5800,4355397,93585161.5600,3,7.548400,1,-0.463400,28.571090,5.185563,6.824922,70.184068,0,鼎龙科技,,申万一级行业
2024-03-11,sh.603004,21.4000,21.8000,21.2100,21.6500,21.4800,4335359,93344390.2400,3,7.513700,1,0.791400,28.797211,5.226603,6.878937,70.739528,0,鼎龙科技,,申万一级行业
2024-03-12,sh.603004,21.8000,22.6500,21.8000,22.5500,21.6500,10292593,229497768.1500,3,17.838200,1,4.157000,29.994324,5.443875,7.164898,73.680201,0,鼎龙科技,,申万一级行业
2024-03-13,sh.603004,22.5100,22.5200,21.8700,22.0000,22.5500,8252068,182513261.3400,3,14.301800,1,-2.439000,29.262755,5.311098,6.990144,71.883123,0,鼎龙科技,,申万一级行业
2024-03-14,sh.603004,22.0000,22.3100,21.5000,21.7400,22.0000,5399797,117934596.2100,3,9.358500,1,-1.181800,28.916923,5.248330,6.907533,71.033595,0,鼎龙科技,,申万一级行业
2024-03-15,sh.603004,21.6000,21.8000,21.4700,21.7800,21.7400,3763068,81418283.2600,3,6.521800,1,0.184000,28.970128,5.257987,6.920243,71.164292,0,鼎龙科技,,申万一级行业
2024-03-18,sh.603004,21.8000,22.1000,21.7500,22.0900,21.7800,5057581,110963276.2700,3,8.765400,1,1.423300,29.382466,5.332825,7.018740,72.177190,0,鼎龙科技,,申万一级行业
2024-03-19,sh.603004,22.0000,22.3100,21.8800,22.1500,22.0900,5536447,122693101.3300,3,9.595300,1,0.271600,29.462274,5.347310,7.037804,72.373235,0,鼎龙科技,,申万一级行业
2024-03-20,sh.603004,22.1600,23.0300,22.0300,22.8800,22.1500,10903268,247392041.1700,3,18.896600,1,3.295700,30.433265,5.523542,7.269750,74.758448,0,鼎龙科技,,申万一级行业
2024-03-21,sh.603004,23.1500,23.2000,21.8600,22.3100,22.8800,10544516,236002087.4100,3,18.274800,1,-2.491300,29.675094,5.385936,7.088642,72.896022,0,鼎龙科技,,申万一级行业
2024-03-22,sh.603004,22.2900,24.5400,22.2100,24.5400,22.3100,19212054,457923853.4100,3,33.296700,1,9.995500,32.641273,5.924288,7.797188,80.182356,0,鼎龙科技,,申万一级行业
2024-03-25,sh.603004,24.4400,26.1800,24.0200,25.1100,24.5400,28454545,710449650.6300,3,49.315000,1,2.322700,33.399445,6.061894,7.978296,82.044783,0,鼎龙科技,,申万一级行业
2024-03-26,sh.603004,24.1900,24.4000,23.2000,23.9000,25.1100,14997110,358276889.8600,3,25.991700,1,-4.818800,31.789993,5.769783,7.593838,78.091211,0,鼎龙科技,,申万一级行业
2024-03-27,sh.603004,23.6100,23.8800,21.9100,22.2500,23.9000,11425332,261654553.0300,3,19.801400,1,-6.903800,29.595286,5.371451,7.069578,72.699977,0,鼎龙科技,,申万一级行业
2024-03-28,sh.603004,22.6500,23.3600,22.1600,22.9200,22.2500,10462858,238004808.4200,3,18.133300,1,3.011200,30.486470,5.533198,7.282459,74.889145,0,鼎龙科技,,申万一级行业
2024-03-29,sh.603004,22.7000,23.2000,22.2000,22.5900,22.9200,8627489,195290960.8300,3,14.952400,1,-1.439800,30.047529,5.453532,7.177607,73.810898,0,鼎龙科技,,申万一级行业
2024-04-01,sh.603004,22.6300,23.8500,22.5000,23.6500,22.5900,11087262,257738577.5800,3,19.215500,1,4.692300,31.457462,5.709430,7.514405,77.274357,0,鼎龙科技,,申万一级行业
2024-04-02,sh.603004,23.6000,24.5200,23.3600,23.8900,23.6500,13055553,313375434.9700,3,22.626800,1,1.014800,31.776692,5.767369,7.590661,78.058537,0,鼎龙科技,,申万一级行业
2024-04-03,sh.603004,23.8900,24.6200,23.1900,23.2200,23.8900,12239872,293072294.5800,3,21.213100,1,-2.804500,30.885508,5.605622,7.377779,75.869369,0,鼎龙科技,,申万一级行业
2024-04-08,sh.603004,23.2200,23.2200,21.3200,21.6300,23.2200,11282025,250886831.1700,3,19.553000,1,-6.847500,28.770609,5.221775,6.872583,70.674180,0,鼎龙科技,,申万一级行业
2024-04-09,sh.603004,21.4500,21.8400,20.6100,21.8000,21.6300,7410087,157965834.0800,3,12.842500,1,0.785900,28.996730,5.262815,6.926597,71.229640,0,鼎龙科技,,申万一级行业
2024-04-10,sh.603004,21.5700,21.6000,20.4300,20.6900,21.8000,7366514,154213761.8700,3,12.767000,1,-5.091700,27.520291,4.994846,6.573913,67.602810,0,鼎龙科技,,申万一级行业
2024-04-11,sh.603004,20.4000,20.9600,20.4000,20.6900,20.6900,5035942,104273372.3000,3,8.727900,1,0.000000,27.520291,4.994846,6.573913,67.602810,0,鼎龙科技,,申万一级行业
2024-04-12,sh.603004,20.5100,21.7300,20.5000,21.3800,20.6900,8198800,173957239.3200,3,14.209500,1,3.334900,28.438077,5.161421,6.793149,69.857326,0,鼎龙科技,,申万一级行业
2024-04-15,sh.603004,21.2800,22.2500,19.5500,20.3400,21.3800,9068843,189656216.9300,3,15.717300,1,-4.864400,27.054747,4.910351,6.462706,66.459215,0,鼎龙科技,,申万一级行业
2024-04-16,sh.603004,20.0000,20.0300,18.3100,18.3100,20.3400,7657125,143155822.3900,3,13.270700,1,-9.980300,24.354593,4.420282,5.817706,59.826363,0,鼎龙科技,,申万一级行业
2024-04-17,sh.603004,18.3200,19.4200,18.3200,19.3400,18.3100,6711002,128243898.3800,3,11.630900,1,5.625300,25.724622,4.668938,6.144972,63.191800,0,鼎龙科技,,申万一级行业
2024-04-18,sh.603004,19.3900,20.5000,19.1100,19.7700,19.3400,7203989,142326146.4900,3,12.485300,1,2.223400,26.296576,4.772746,6.281598,64.596788,0,鼎龙科技,,申万一级行业
2024-04-19,sh.603004,19.5200,19.7000,18.9200,19.1500,19.7700,5899920,113532663.8500,3,10.225200,1,-3.136100,25.471898,4.623069,6.084603,62.570991,0,鼎龙科技,,申万一级行业
2024-04-22,sh.603004,19.0000,19.1100,18.5600,18.8500,19.1500,3917556,73835013.8000,3,6.789600,1,-1.566600,25.072861,4.550645,5.989283,61.590767,0,鼎龙科技,,申万一级行业
2024-04-23,sh.603004,18.9600,19.2500,18.8900,18.9800,18.8500,3361434,63937780.8700,3,5.825700,1,0.689700,25.245777,4.582029,6.030588,62.015531,0,鼎龙科技,,申万一级行业
2024-04-24,sh.603004,18.9500,19.5200,18.9200,19.4900,18.9800,3712769,71542586.5900,3,6.434700,1,2.687000,25.924141,4.705150,6.192632,63.681912,0,鼎龙科技,,申万一级行业
2024-04-25,sh.603004,19.3400,19.9900,19.2900,19.7700,19.4900,4836425,95549984.7300,3,8.382100,1,1.436600,26.296576,4.772746,6.281598,64.596788,0,鼎龙科技,,申万一级行业
2024-04-26,sh.603004,19.4600,19.8400,19.2000,19.6000,19.7700,5367184,104973258.5700,3,9.301900,1,-0.859900,27.463761,2.397826,6.625306,4.943545,0,鼎龙科技,,申万一级行业
2024-04-29,sh.603004,19.5400,20.2600,19.5200,20.1800,19.6000,5172805,103520172.4700,3,8.965100,1,2.959200,28.276464,2.468782,6.821361,5.089833,0,鼎龙科技,,申万一级行业
2024-04-30,sh.603004,20.0900,20.3800,19.6600,19.8800,20.1800,4061629,80931486.2100,3,7.039300,1,-1.486600,27.856101,2.432081,6.719953,5.014167,0,鼎龙科技,,申万一级行业
2024-05-06,sh.603004,20.2300,21.8700,20.1300,21.8700,19.8800,10028666,211664428.4300,3,17.380800,1,10.010100,30.644513,2.675533,7.392625,5.516088,0,鼎龙科技,,申万一级行业
2024-05-07,sh.603004,22.0000,22.8500,21.8000,22.4500,21.8700,14213239,315549433.0300,3,24.633200,1,2.652000,31.457216,2.746489,7.588679,5.662376,0,鼎龙科技,,申万一级行业
2024-05-08,sh.603004,22.2300,22.5000,21.6100,21.6300,22.4500,8154175,178707904.3700,3,14.132100,1,-3.652600,30.308222,2.646172,7.311498,5.455555,0,鼎龙科技,,申万一级行业
2024-05-09,sh.603004,21.8000,21.9300,21.4800,21.6000,21.6300,5626067,122003739.9900,3,9.750600,1,-0.138700,30.266186,2.642502,7.301358,5.447988,0,鼎龙科技,,申万一级行业
2024-05-10,sh.603004,21.5300,21.6900,21.1100,21.4200,21.6000,4669706,99494245.4200,3,8.093100,1,-0.833300,30.013968,2.620481,7.240513,5.402588,0,鼎龙科技,,申万一级行业
2024-05-13,sh.603004,21.2000,21.6000,20.7000,21.4500,21.4200,5277000,111917341.9400,3,9.145600,1,0.140100,30.056004,2.624151,7.250654,5.410155,0,鼎龙科技,,申万一级行业
2024-05-14,sh.603004,21.7200,23.6000,21.5000,22.6600,21.4500,22199459,507915486.2500,3,38.474200,1,5.641000,31.751471,2.772180,7.659665,5.715343,0,鼎龙科技,,申万一级行业
2024-05-15,sh.603004,22.1000,22.3700,21.5800,21.5800,22.6600,13588373,297273294.3100,3,23.550200,1,-4.766100,30.238162,2.640055,7.294597,5.442944,0,鼎龙科技,,申万一级行业
2024-05-16,sh.603004,21.7000,21.9700,21.1200,21.2100,21.5800,7149203,153166618.5500,3,12.390400,1,-1.714600,29.719713,2.594790,7.169528,5.349621,0,鼎龙科技,,申万一级行业
2024-05-17,sh.603004,21.1200,22.4800,21.1100,22.1000,21.2100,9686529,212816466.3800,3,16.787900,1,4.196100,30.966792,2.703671,7.470370,5.574099,0,鼎龙科技,,申万一级行业
2024-05-20,sh.603004,21.9800,22.1900,21.7200,21.8300,22.1000,6650800,146206582.6400,3,11.526600,1,-1.221700,30.588465,2.670640,7.379104,5.505999,0,鼎龙科技,,申万一级行业
2024-05-21,sh.603004,21.7600,22.0000,21.2400,21.4000,21.8300,4997466,107645293.9600,3,8.661200,1,-1.969800,29.985943,2.618035,7.233752,5.397544,0,鼎龙科技,,申万一级行业
2024-05-22,sh.603004,21.4600,21.8200,21.3600,21.5300,21.4000,4140715,89168943.2500,3,7.176300,1,0.607500,30.168101,2.633938,7.277696,5.430332,0,鼎龙科技,,申万一级行业
2024-05-23,sh.603004,21.2200,21.7500,20.7600,20.9700,21.5300,5709553,120992424.1100,3,9.895300,1,-2.601000,29.383422,2.565429,7.088401,5.289088,0,鼎龙科技,,申万一级行业
2024-05-24,sh.603004,20.9700,21.3000,20.3100,20.3200,20.9700,4746553,97580517.5500,3,8.226300,1,-3.099700,28.472634,2.485909,6.868685,5.125144,0,鼎龙科技,,申万一级行业
2024-05-27,sh.603004,20.4900,20.5200,19.9900,20.5000,20.3200,3083348,62398661.8700,3,5.343800,1,0.885800,28.724852,2.507930,6.929529,5.170544,0,鼎龙科技,,申万一级行业
2024-05-28,sh.603004,20.3800,20.5100,20.0600,20.1000,20.5000,2437353,49269583.7100,3,4.224200,1,-1.951200,28.164367,2.458995,6.794319,5.069655,0,鼎龙科技,,申万一级行业
2024-05-29,sh.603004,20.1600,21.4300,20.1500,20.7000,20.1000,6074120,126252373.8100,3,10.527100,1,2.985100,29.005095,2.532398,6.997134,5.220988,0,鼎龙科技,,申万一级行业
2024-05-30,sh.603004,20.5400,20.6000,20.2000,20.3400,20.7000,3852453,78402738.1600,3,6.676700,1,-1.739100,28.500658,2.488356,6.875445,5.130189,0,鼎龙科技,,申万一级行业
2024-05-31,sh.603004,20.4300,20.5600,20.2700,20.3200,20.3400,2515700,51322930.9000,3,4.360000,1,-0.098300,28.472634,2.485909,6.868685,5.125144,0,鼎龙科技,,申万一级行业
2024-06-03,sh.603004,20.2000,20.2800,19.5100,19.7100,20.3200,3885350,77056489.5000,3,6.733800,1,-3.002000,27.617894,2.411283,6.662489,4.971289,0,鼎龙科技,,申万一级行业
2024-06-04,sh.603004,19.8700,19.9100,19.2200,19.5400,19.7100,2719806,52869410.1500,3,4.713700,1,-0.862500,27.379688,2.390486,6.605024,4.928411,0,鼎龙科技,,申万一级行业
2024-06-05,sh.603004,19.5400,19.6400,18.9000,18.9200,19.5400,2886998,55329614.7900,3,5.003500,1,-3.173000,26.510937,2.314636,6.395448,4.772034,0,鼎龙科技,,申万一级行业
2024-06-06,sh.603004,19.1200,19.1300,17.9000,18.0000,18.9200,4718735,86793269.2800,3,8.178100,1,-4.862600,25.221821,2.202085,6.084465,4.539990,0,鼎龙科技,,申万一级行业
2024-06-07,sh.603004,18.2700,18.5100,18.1100,18.3400,18.0000,3152100,57767018.0000,3,5.462900,1,1.888900,25.698234,2.243680,6.199393,4.625745,0,鼎龙科技,,申万一级行业
2024-06-11,sh.603004,18.2000,18.5400,17.9700,18.5400,18.3400,2449374,44714280.1300,3,4.245000,1,1.090500,25.978476,2.268148,6.266999,4.676190,0,鼎龙科技,,申万一级行业
2024-06-12,sh.603004,18.4100,18.7800,18.4000,18.7400,18.5400,2547879,47614747.6300,3,4.415800,1,1.078700,26.258719,2.292615,6.334604,4.726634,0,鼎龙科技,,申万一级行业
2024-06-13,sh.603004,18.7000,18.8900,18.5800,18.6900,18.7400,2395025,44922196.3200,3,4.150900,1,-0.266800,26.188658,2.286498,6.317702,4.714023,0,鼎龙科技,,申万一级行业
2024-06-14,sh.603004,18.6700,18.7600,18.4000,18.5800,18.6900,1836179,34034577.9000,3,3.182300,1,-0.588600,26.034525,2.273041,6.280520,4.686279,0,鼎龙科技,,申万一级行业
2024-06-17,sh.603004,18.6000,18.6300,18.3300,18.3600,18.5800,1618053,29838209.9100,3,2.804300,1,-1.184100,25.726258,2.246127,6.206154,4.630790,0,鼎龙科技,,申万一级行业
2024-06-18,sh.603004,18.3500,18.6900,18.2300,18.6900,18.3600,2342500,43425791.0000,3,4.059800,1,1.797400,26.188658,2.286498,6.317702,4.714023,0,鼎龙科技,,申万一级行业
2024-06-19,sh.603004,18.6100,18.7300,18.3500,18.4400,18.6900,2058300,38079534.0000,3,3.567300,1,-1.337600,25.838355,2.255914,6.233196,4.650967,0,鼎龙科技,,申万一级行业
2024-06-20,sh.603004,18.3600,18.5000,17.8000,17.8000,18.4400,2654300,47974843.0000,3,4.600200,1,-3.470700,24.941579,2.177617,6.016859,4.489546,0,鼎龙科技,,申万一级行业
2024-06-21,sh.603004,17.6200,17.8600,17.4000,17.5500,17.8000,1972903,34762214.8000,3,3.419300,1,-1.404500,24.591276,2.147033,5.932353,4.426490,0,鼎龙科技,,申万一级行业
2024-06-24,sh.603004,17.5200,17.5200,16.5600,16.6500,17.5500,3091929,52251190.8500,3,5.358700,1,-5.128200,23.330185,2.036929,5.628130,4.199491,0,鼎龙科技,,申万一级行业
2024-06-25,sh.603004,16.5000,16.9600,16.5000,16.7900,16.6500,2098021,35241763.0100,3,3.636100,1,0.840800,23.526355,2.054056,5.675453,4.234802,0,鼎龙科技,,申万一级行业
2024-06-26,sh.603004,16.7000,17.1900,16.6100,17.1900,16.7900,2249253,38180138.2400,3,3.898200,1,2.382400,24.086839,2.102991,5.810664,4.335690,0,鼎龙科技,,申万一级行业
2024-06-27,sh.603004,17.0500,17.1800,16.7000,16.7000,17.1900,2394655,40572687.5500,3,4.067000,1,-2.850500,23.400245,2.043046,5.645031,4.212102,0,鼎龙科技,,申万一级行业
2024-06-28,sh.603004,16.6900,17.2600,16.6000,16.9500,16.7000,2935748,50014543.2100,3,4.986000,1,1.497000,23.750549,2.073630,5.729538,4.275157,0,鼎龙科技,,申万一级行业
2024-07-01,sh.603004,16.9000,17.1400,16.7100,17.0800,16.9500,2169949,36743403.5300,3,3.685400,1,0.767000,23.932706,2.089534,5.773481,4.307946,0,鼎龙科技,,申万一级行业
2024-07-02,sh.603004,17.0000,17.2200,16.9500,17.0600,17.0800,1703721,29129363.8300,3,2.893500,1,-0.117100,23.904682,2.087087,5.766720,4.302902,0,鼎龙科技,,申万一级行业
2024-07-03,sh.603004,17.0700,17.1400,16.6600,16.7300,17.0600,1914141,32183303.1000,3,3.250900,1,-1.934300,23.442282,2.046716,5.655172,4.219668,0,鼎龙科技,,申万一级行业
2024-07-04,sh.603004,16.7500,16.8200,16.2000,16.2000,16.7300,2138786,35280590.9200,3,3.632400,1,-3.168000,22.699639,1.981877,5.476018,4.085991,0,鼎龙科技,,申万一级行业
2024-07-05,sh.603004,16.2000,16.7900,15.8500,16.6600,16.2000,2430627,39905103.2300,3,4.128100,1,2.839500,23.344197,2.038152,5.631510,4.202013,0,鼎龙科技,,申万一级行业
2024-07-08,sh.603004,16.6600,16.6600,16.1300,16.1600,16.6600,1830497,29875789.0200,3,3.108900,1,-3.001200,22.643591,1.976983,5.462497,4.075902,0,鼎龙科技,,申万一级行业
2024-07-09,sh.603004,16.1500,16.4400,15.8600,16.4000,16.1600,1874200,30394763.9500,3,3.183100,1,1.485100,22.979882,2.006344,5.543623,4.136435,0,鼎龙科技,,申万一级行业
2024-07-10,sh.603004,16.3800,16.5400,16.2300,16.3300,16.4000,1580519,25956385.8300,3,2.684300,1,-0.426800,22.881797,1.997781,5.519962,4.118780,0,鼎龙科技,,申万一级行业
2024-07-11,sh.603004,16.6000,16.9400,16.5400,16.9300,16.3300,2664807,44766265.8300,3,4.525800,1,3.674200,23.722524,2.071183,5.722777,4.270113,0,鼎龙科技,,申万一级行业
2024-07-12,sh.603004,16.7900,16.7900,16.4600,16.4800,16.7100,1703650,28270519.1800,3,2.893400,1,-1.376400,23.091979,2.016131,5.570665,4.156613,0,鼎龙科技,,申万一级行业
2024-07-15,sh.603004,16.5200,18.1300,16.5200,18.1300,16.4800,7761797,135994319.8100,3,13.182400,1,10.012100,25.403979,2.217989,6.128408,4.572779,0,鼎龙科技,,申万一级行业
2024-07-16,sh.603004,18.3400,18.4000,17.6100,17.8300,18.1300,9096769,162782921.4100,3,15.449700,1,-1.654700,24.983615,2.181288,6.027000,4.497112,0,鼎龙科技,,申万一级行业
2024-07-17,sh.603004,17.6500,18.3600,17.5400,17.5400,17.8300,6449051,115212646.7300,3,10.952900,1,-1.626500,24.577264,2.145810,5.928973,4.423968,0,鼎龙科技,,申万一级行业
2024-07-18,sh.603004,17.1500,17.6300,17.0000,17.6000,17.5400,4153405,71956599.5600,3,7.054000,1,0.342100,24.661337,2.153150,5.949254,4.439101,0,鼎龙科技,,申万一级行业
2024-07-19,sh.603004,17.3500,17.9000,17.2600,17.8200,17.6000,4166583,73817525.0800,3,7.076400,1,1.250000,24.969603,2.180064,6.023620,4.494590,0,鼎龙科技,,申万一级行业
2024-07-22,sh.603004,17.8300,18.0000,17.6500,17.8600,17.8200,3160640,56249469.4900,3,5.367900,1,0.224500,25.025652,2.184958,6.037141,4.504679,0,鼎龙科技,,申万一级行业
2024-07-23,sh.603004,17.8600,17.9100,17.1600,17.2100,17.8600,3123386,54756035.5800,3,5.304700,1,-3.639400,24.114864,2.105438,5.817424,4.340735,0,鼎龙科技,,申万一级行业
2024-07-24,sh.603004,17.0600,17.4900,17.0600,17.4000,17.2100,2723158,47166766.8900,3,4.624900,1,1.104000,24.381094,2.128682,5.881649,4.388657,0,鼎龙科技,,申万一级行业
2024-07-25,sh.603004,17.5000,17.9000,17.2000,17.7200,17.4000,4014154,70870754.3200,3,6.817500,1,1.839100,24.829482,2.167830,5.989817,4.469368,0,鼎龙科技,,申万一级行业
2024-07-26,sh.603004,17.5200,17.9000,17.5200,17.7000,17.7200,3486130,61734650.4400,3,5.920700,1,-0.112900,24.801458,2.165384,5.983057,4.464323,0,鼎龙科技,,申万一级行业
2024-07-29,sh.603004,17.6000,17.9500,17.5100,17.6700,17.7000,3092711,54708007.4400,3,5.252600,1,-0.169500,24.759421,2.161714,5.972916,4.456757,0,鼎龙科技,,申万一级行业
2024-07-30,sh.603004,17.5600,17.7500,17.3600,17.5700,17.6700,2177927,38198456.7100,3,3.698900,1,-0.565900,24.619300,2.149480,5.939114,4.431535,0,鼎龙科技,,申万一级行业
2024-07-31,sh.603004,17.5900,17.9900,17.5600,17.9700,17.5700,4380914,78182157.7600,3,7.440400,1,2.276600,25.179785,2.198415,6.074324,4.532423,0,鼎龙科技,,申万一级行业
2024-08-01,sh.603004,17.9500,18.2200,17.8700,18.0100,17.9700,3924475,70736931.3700,3,6.665200,1,0.222600,25.235834,2.203308,6.087845,4.542512,0,鼎龙科技,,申万一级行业
2024-08-02,sh.603004,17.9200,19.3000,17.8300,18.6100,18.0100,9730469,181576114.8100,3,16.525900,1,3.331500,26.076561,2.276711,6.290660,4.693845,0,鼎龙科技,,申万一级行业
2024-08-05,sh.603004,18.6600,19.5100,18.0400,18.5900,18.6100,9350463,175829324.8900,3,15.880500,1,-0.107500,26.048537,2.274265,6.283900,4.688801,0,鼎龙科技,,申万一级行业
2024-08-06,sh.603004,18.5400,20.4500,18.3500,19.8500,18.5900,11601222,226135935.0500,3,19.703200,1,6.777800,27.814064,2.428411,6.709812,5.006600,0,鼎龙科技,,申万一级行业
2024-08-07,sh.603004,19.2800,19.4700,18.6700,18.6700,19.8500,8440102,159352781.2400,3,14.334400,1,-5.944600,26.160634,2.284052,6.310942,4.708978,0,鼎龙科技,,申万一级行业
2024-08-08,sh.603004,18.3500,18.4700,17.6200,17.6900,18.6700,6014488,107641166.0100,3,10.214800,1,-5.249100,24.787446,2.164160,5.979677,4.461801,0,鼎龙科技,,申万一级行业
2024-08-09,sh.603004,17.8000,17.9400,17.3200,17.3400,17.6900,3679976,64552517.4200,3,6.250000,1,-1.978500,24.297021,2.121342,5.861368,4.373524,0,鼎龙科技,,申万一级行业
2024-08-12,sh.603004,17.3400,17.3400,16.8800,17.0200,17.3400,2782305,47466145.8200,3,4.725400,1,-1.845400,23.848633,2.082194,5.753199,4.292813,0,鼎龙科技,,申万一级行业
2024-08-13,sh.603004,17.0300,17.2500,16.8200,17.2100,17.0200,2816998,48101735.4800,3,4.784300,1,1.116300,24.114864,2.105438,5.817424,4.340735,0,鼎龙科技,,申万一级行业
2024-08-14,sh.603004,17.2000,17.2400,16.9000,16.9000,17.2100,1870606,31804013.1900,3,3.177000,1,-1.801300,23.680488,2.067513,5.712636,4.262546,0,鼎龙科技,,申万一级行业
2024-08-15,sh.603004,16.7400,17.0800,16.7400,16.8300,16.9000,2166569,36574227.5300,3,3.679600,1,-0.414200,23.582403,2.058950,5.688974,4.244891,0,鼎龙科技,,申万一级行业
2024-08-16,sh.603004,16.7800,16.9800,16.7500,16.8100,16.8300,1802748,30364205.7100,3,3.061700,1,-0.118800,23.554379,2.056503,5.682214,4.239846,0,鼎龙科技,,申万一级行业
2024-08-19,sh.603004,16.6400,17.0000,16.5900,16.7000,16.8100,1718460,28741923.3500,3,2.918600,1,-0.654400,23.400245,2.043046,5.645031,4.212102,0,鼎龙科技,,申万一级行业
2024-08-20,sh.603004,16.6300,16.8100,16.1400,16.2000,16.7000,2798260,45791574.8800,3,4.752500,1,-2.994000,22.699639,1.981877,5.476018,4.085991,0,鼎龙科技,,申万一级行业
2024-08-21,sh.603004,16.1500,16.5200,16.0800,16.1900,16.2000,1842636,30004504.9000,3,3.129500,1,-0.061700,22.685627,1.980653,5.472638,4.083469,0,鼎龙科技,,申万一级行业
2024-08-22,sh.603004,16.1500,16.2800,15.5900,15.6000,16.1900,2401631,38024735.4300,3,4.078900,1,-3.644200,21.858912,1.908474,5.273203,3.934658,0,鼎龙科技,,申万一级行业
2024-08-23,sh.603004,15.5800,15.6800,15.2200,15.3000,15.6000,1969447,30334548.4400,3,3.344800,1,-1.923100,21.438548,1.871772,5.171795,3.858991,0,鼎龙科技,,申万一级行业
2024-08-26,sh.603004,15.2200,15.5300,15.2200,15.4300,15.3000,1290612,19887822.1400,3,2.191900,1,0.849700,21.620706,1.887676,5.215738,3.891780,0,鼎龙科技,,申万一级行业
2024-08-27,sh.603004,15.4400,15.4400,14.9600,15.0500,15.4300,1659955,25133034.6700,3,2.819200,1,-2.462700,21.088245,1.841188,5.087288,3.795936,0,鼎龙科技,,申万一级行业
2024-08-28,sh.603004,15.0300,15.2000,14.8900,15.0800,15.0500,1462948,22051006.1900,3,2.484600,1,0.199300,21.130282,1.844858,5.097429,3.803503,0,鼎龙科技,,申万一级行业
2024-08-29,sh.603004,15.0600,15.4300,14.9900,15.4000,15.0800,1598407,24441141.3100,3,2.714700,1,2.122000,21.578669,1.884006,5.205598,3.884214,0,鼎龙科技,,申万一级行业
2024-08-30,sh.603004,15.3800,16.9400,15.3800,16.6400,15.4000,6269565,103177830.1100,3,10.648000,1,8.051900,24.765333,2.062180,5.720574,10.023505,0,鼎龙科技,,申万一级行业
2024-09-02,sh.603004,18.3000,18.3000,17.5200,18.3000,16.6400,19110248,346624160.1000,3,32.456300,1,9.976000,27.235913,2.267902,6.291256,11.023446,0,鼎龙科技,,申万一级行业
2024-09-03,sh.603004,19.0000,20.1300,19.0000,20.1300,18.3000,7092293,140242829.1900,3,12.045300,1,10.000000,29.959504,2.494692,6.920382,12.125791,0,鼎龙科技,,申万一级行业
2024-09-04,sh.603004,22.1400,22.1400,18.1200,18.2900,20.1300,28580229,576376194.9400,3,48.539800,1,-9.140600,27.221030,2.266663,6.287819,11.017422,0,鼎龙科技,,申万一级行业
2024-09-05,sh.603004,17.5600,18.0700,17.0400,17.9500,18.2900,16060107,282625225.8100,3,27.276000,1,-1.858900,26.715008,2.224527,6.170932,10.812615,0,鼎龙科技,,申万一级行业
2024-09-06,sh.603004,17.7500,18.6900,16.7700,16.8800,17.9500,14164308,249984704.4800,3,24.056200,1,-5.961000,25.122525,2.091923,5.803082,10.168075,0,鼎龙科技,,申万一级行业
2024-09-09,sh.603004,17.2000,17.3900,16.2300,16.3600,16.8800,9854298,163701151.2100,3,16.736200,1,-3.080600,24.348609,2.027480,5.624314,9.854840,0,鼎龙科技,,申万一级行业
2024-09-10,sh.603004,16.3000,16.5000,15.9000,16.2800,16.3600,6960623,112414009.6200,3,11.821700,1,-0.489000,24.229544,2.017565,5.596812,9.806650,0,鼎龙科技,,申万一级行业
2024-09-11,sh.603004,16.1200,17.9100,16.1000,17.9100,16.2800,17973454,311752814.3900,3,30.525600,1,10.012300,26.655476,2.219570,6.157180,10.788520,0,鼎龙科技,,申万一级行业
2024-09-12,sh.603004,17.3000,17.6400,17.1300,17.3700,17.9100,14311158,248462647.1800,3,24.305600,1,-3.015100,25.851793,2.152648,5.971537,10.463238,0,鼎龙科技,,申万一级行业
2024-09-13,sh.603004,17.3600,17.4000,16.3900,16.3900,17.3700,9125626,152723847.1000,3,15.498700,1,-5.641900,24.393258,2.031197,5.634628,9.872911,0,鼎龙科技,,申万一级行业
2024-09-18,sh.603004,16.5000,16.5400,15.6500,15.8900,16.3900,6656391,106463970.2800,3,11.305000,1,-3.050600,23.649107,1.969233,5.462736,9.571724,0,鼎龙科技,,申万一级行业
2024-09-19,sh.603004,15.9700,16.3000,15.7100,16.1600,15.8900,5429913,87375146.1500,3,9.222000,1,1.699200,24.050948,2.002694,5.555558,9.734365,0,鼎龙科技,,申万一级行业
2024-09-20,sh.603004,16.1500,16.3000,15.9500,16.2300,16.1600,5122585,82585681.0000,3,8.700000,1,0.433200,24.155129,2.011369,5.579623,9.776532,0,鼎龙科技,,申万一级行业
2024-09-23,sh.603004,16.2000,16.2900,16.0200,16.1500,16.2300,3255700,52568952.5700,3,5.529400,1,-0.492900,24.036065,2.001454,5.552120,9.728342,0,鼎龙科技,,申万一级行业
2024-09-24,sh.603004,16.1400,16.6600,15.8800,16.6300,16.1500,7334722,119737157.2700,3,12.457100,1,2.972100,24.750450,2.060940,5.717136,10.017481,0,鼎龙科技,,申万一级行业
2024-09-25,sh.603004,16.6300,17.1800,16.6300,16.8900,16.6300,8824159,149400381.2500,3,14.986700,1,1.563400,25.137408,2.093162,5.806520,10.174098,0,鼎龙科技,,申万一级行业
2024-09-26,sh.603004,16.8000,17.4500,16.6900,17.4400,16.8900,9299691,159863511.6400,3,15.794300,1,3.256400,25.955974,2.161323,5.995602,10.505404,0,鼎龙科技,,申万一级行业
2024-09-27,sh.603004,17.6000,18.3200,17.3900,18.3000,17.4400,7873943,139867120.4900,3,13.372900,1,4.931200,27.235913,2.267902,6.291256,11.023446,0,鼎龙科技,,申万一级行业
2024-09-30,sh.603004,18.9200,19.9800,18.4100,19.7200,18.3000,16575299,318337429.8300,3,28.151000,1,7.759600,29.349301,2.443881,6.779430,11.878817,0,鼎龙科技,,申万一级行业
2024-10-08,sh.603004,21.6800,21.6800,19.4600,20.7600,19.7200,17138613,352140538.7800,3,29.107700,1,5.273800,30.897134,2.572767,7.136966,12.505286,0,鼎龙科技,,申万一级行业
2024-10-09,sh.603004,20.3800,20.4100,18.6800,18.6800,20.7600,10617699,206834476.4800,3,18.032800,1,-10.019300,27.801468,2.314995,6.421895,11.252348,0,鼎龙科技,,申万一级行业
2024-10-10,sh.603004,18.6000,19.3000,18.4100,18.7400,18.6800,6168587,116780131.1700,3,10.476500,1,0.321200,27.890766,2.322431,6.442522,11.288491,0,鼎龙科技,,申万一级行业
2024-10-11,sh.603004,18.5400,18.8000,17.7400,18.0800,18.7400,4732150,86456349.3700,3,8.036900,1,-3.521900,26.908487,2.240638,6.215624,10.890924,0,鼎龙科技,,申万一级行业
2024-10-14,sh.603004,18.2200,19.8900,18.0000,19.8200,18.0800,9548788,182456953.1700,3,16.217400,1,9.623900,29.498131,2.456274,6.813809,11.939055,0,鼎龙科技,,申万一级行业
2024-10-15,sh.603004,19.4800,19.7900,18.8200,18.8200,19.8200,10944999,211766528.3200,3,18.588700,1,-5.045400,28.009830,2.332345,6.470024,11.336681,0,鼎龙科技,,申万一级行业
